{"cameraMode":{"drawMode":0,"name":"Shaded","section":"Shading Mode"},"sceneLighting":true,"audioPlay":false,"sceneViewState":{"showFog":true,"showMaterialUpdate":false,"showSkybox":true,"showFlares":true,"showImageEffects":true,"showParticleSystems":true},"in2DMode":false,"pivot":{"x":151.42320251464845,"y":-37.35419845581055,"z":-195.7890167236328},"rotation":{"x":-0.01194209698587656,"y":-0.9851959347724915,"z":0.10872367024421692,"w":-0.13564835488796235},"size":268.01708984375,"orthographic":false}