{"cameraMode":{"drawMode":0,"name":"Shaded","section":"Shading Mode"},"sceneLighting":true,"audioPlay":false,"sceneViewState":{"showFog":true,"showMaterialUpdate":false,"showSkybox":true,"showFlares":true,"showImageEffects":true,"showParticleSystems":true},"in2DMode":false,"pivot":{"x":25.742250442504884,"y":5.340451717376709,"z":46.98050308227539},"rotation":{"x":0.000049486458010505885,"y":-0.7288646101951599,"z":-0.00004665027154260315,"w":0.6847408413887024},"size":14.106914520263672,"orthographic":false}