{"cameraMode":{"drawMode":0,"name":"Shaded","section":"Shading Mode"},"sceneLighting":true,"audioPlay":false,"sceneViewState":{"showFog":true,"showMaterialUpdate":false,"showSkybox":true,"showFlares":true,"showImageEffects":true,"showParticleSystems":true},"in2DMode":false,"pivot":{"x":-11.34220027923584,"y":-1.8549036979675294,"z":-28.504154205322267},"rotation":{"x":0.013237401843070984,"y":0.9785876274108887,"z":0.1831550896167755,"w":-0.09928908199071884},"size":5.813242435455322,"orthographic":false}