{"cameraMode":{"drawMode":0,"name":"Shaded","section":"Shading Mode"},"sceneLighting":false,"audioPlay":false,"sceneViewState":{"showFog":true,"showMaterialUpdate":false,"showSkybox":false,"showFlares":true,"showImageEffects":true,"showParticleSystems":true},"in2DMode":false,"pivot":{"x":-41.80240249633789,"y":1.9845783710479737,"z":18.068084716796876},"rotation":{"x":-0.041158195585012439,"y":0.8028106093406677,"z":-0.04977331683039665,"w":-0.5937619209289551},"size":64.29689025878906,"orthographic":false}