{"cameraMode":{"drawMode":0,"name":"Shaded","section":"Shading Mode"},"sceneLighting":true,"audioPlay":false,"sceneViewState":{"showFog":true,"showMaterialUpdate":false,"showSkybox":true,"showFlares":true,"showImageEffects":true,"showParticleSystems":true},"in2DMode":false,"pivot":{"x":2.1653692722320558,"y":-2.1101114749908449,"z":-6.344410419464111},"rotation":{"x":0.3300410509109497,"y":0.5966646075248718,"z":-0.299977570772171,"w":0.6679798364639282},"size":41.433162689208987,"orthographic":false}