{"cameraMode":{"drawMode":0,"name":"Shaded","section":"Shading Mode"},"sceneLighting":true,"audioPlay":false,"sceneViewState":{"showFog":true,"showMaterialUpdate":false,"showSkybox":true,"showFlares":true,"showImageEffects":true,"showParticleSystems":true},"in2DMode":false,"pivot":{"x":52.51462173461914,"y":0.8520569801330566,"z":53.65068817138672},"rotation":{"x":-0.12263724207878113,"y":-0.694675087928772,"z":0.12226948887109757,"w":-0.6985622048377991},"size":7.378323078155518,"orthographic":false}