{"cameraMode":{"drawMode":0,"name":"Shaded","section":"Shading Mode"},"sceneLighting":true,"audioPlay":false,"sceneViewState":{"showFog":true,"showMaterialUpdate":false,"showSkybox":true,"showFlares":true,"showImageEffects":true,"showParticleSystems":true},"in2DMode":false,"pivot":{"x":40.42469787597656,"y":4.544865608215332,"z":53.86547088623047},"rotation":{"x":-0.20709532499313355,"y":-0.27422964572906496,"z":0.06068534776568413,"w":-0.9372094869613648},"size":6.866852283477783,"orthographic":false}