{"cameraMode":{"drawMode":0,"name":"Shaded","section":"Shading Mode"},"sceneLighting":true,"audioPlay":false,"sceneViewState":{"showFog":true,"showMaterialUpdate":false,"showSkybox":true,"showFlares":true,"showImageEffects":true,"showParticleSystems":true},"in2DMode":false,"pivot":{"x":-7.831162452697754,"y":-6.367434501647949,"z":1.7782196998596192},"rotation":{"x":0.036841023713350299,"y":-0.9633352756500244,"z":0.14035522937774659,"w":0.22815492749214173},"size":0.4358562231063843,"orthographic":false}