{"cameraMode":{"drawMode":0,"name":"Shaded","section":"Shading Mode"},"sceneLighting":false,"audioPlay":false,"sceneViewState":{"showFog":true,"showMaterialUpdate":false,"showSkybox":false,"showFlares":true,"showImageEffects":true,"showParticleSystems":true},"in2DMode":false,"pivot":{"x":78.60502624511719,"y":17.69112777709961,"z":53.9709587097168},"rotation":{"x":-0.0009215307654812932,"y":0.7565195560455322,"z":0.004770444706082344,"w":-0.6548981666564941},"size":1.8500908613204957,"orthographic":false}