{"cameraMode":{"drawMode":0,"name":"Shaded","section":"Shading Mode"},"sceneLighting":true,"audioPlay":false,"sceneViewState":{"showFog":true,"showMaterialUpdate":false,"showSkybox":true,"showFlares":true,"showImageEffects":true,"showParticleSystems":true},"in2DMode":false,"pivot":{"x":-0.003908815793693066,"y":-2.2697091102600099,"z":-10.9534330368042},"rotation":{"x":-0.06417868286371231,"y":-0.763394832611084,"z":0.6381960511207581,"w":-0.0767420157790184},"size":12.361186027526856,"orthographic":false}